Reference,Reference: DOI,Assay,Section,Infection (CP),Months,Host,Control,Variant,Variant: Pos,Variant: Mutations,# Results,Fold Reduction: Cmp,Fold Reduction: Median
Li21c,10.1016/j.cell.2021.02.042,Pseudovirus (VSV),Figure 5A,Wild Type,≥6m,Human,Wild Type (B.1),K417N + N501Y,417,K417N + N501Y,1,=,4.0
Li21c,10.1016/j.cell.2021.02.042,Pseudovirus (VSV),Figure 5A,Wild Type,≥6m,Human,Wild Type (B.1),K417N + N501Y,417,K417N + N501Y,1,=,1.0
Li21c,10.1016/j.cell.2021.02.042,Pseudovirus (VSV),Figure 5A,Wild Type,≥6m,Human,Wild Type (B.1),K417N + N501Y,417,K417N + N501Y,1,=,1.0
Li21c,10.1016/j.cell.2021.02.042,Pseudovirus (VSV),Figure 5A,Wild Type,≥6m,Human,Wild Type (B.1),K417N + N501Y,417,K417N + N501Y,1,=,1.0
Li21c,10.1016/j.cell.2021.02.042,Pseudovirus (VSV),Figure 5A,Wild Type,≥6m,Human,Wild Type (B.1),K417N + N501Y,417,K417N + N501Y,1,=,1.0
Li21c,10.1016/j.cell.2021.02.042,Pseudovirus (VSV),Figure 5A,Wild Type,≥6m,Human,Wild Type (B.1),K417N + N501Y,417,K417N + N501Y,1,=,1.0
Li21c,10.1016/j.cell.2021.02.042,Pseudovirus (VSV),Figure 5A,Wild Type,≥6m,Human,Wild Type (B.1),K417N + N501Y,417,K417N + N501Y,1,=,1.0
Li21c,10.1016/j.cell.2021.02.042,Pseudovirus (VSV),Figure 5A,Wild Type,≥6m,Human,Wild Type (B.1),K417N + N501Y,417,K417N + N501Y,1,=,1.0
Li21c,10.1016/j.cell.2021.02.042,Pseudovirus (VSV),Figure 5A,Wild Type,≥6m,Human,Wild Type (B.1),K417N + N501Y,417,K417N + N501Y,1,=,1.0
Li21c,10.1016/j.cell.2021.02.042,Pseudovirus (VSV),Figure 5A,Wild Type,≥6m,Human,Wild Type (B.1),K417N + N501Y,417,K417N + N501Y,1,=,1.0