Reference,Reference: DOI,Assay,Section,Infection (CP),Months,Host,Control,Control: NT50 Cmp,Control: NT50 GeoMean,Control: NT50 GSD,Variant,Variant: Pos,Variant: Mutations,# Results,Potency: NT50 Cmp,Potency: NT50 GeoMean,Potency: NT50 GSD,Fold Reduction: Cmp,Fold Reduction: Median
Tada21,10.1128/mBio.00696-21,Pseudovirus (HIV),Fig S3A,Wild Type,1m,Human,Wild Type (B.1),=,121.0,1.0,Beta,18,L18F + D80A + D215G + Δ242-244 + R246I + K417N + E484K + N501Y + A701V,1,=,102.0,1.0,=,1.2
Tada21,10.1128/mBio.00696-21,Pseudovirus (HIV),Fig S3A,Wild Type,1m,Human,Wild Type (B.1),=,492.0,1.0,Beta,18,L18F + D80A + D215G + Δ242-244 + R246I + K417N + E484K + N501Y + A701V,1,=,209.0,1.0,=,2.4
Tada21,10.1128/mBio.00696-21,Pseudovirus (HIV),Fig S3A,Wild Type,1m,Human,Wild Type (B.1),=,205.0,1.0,Beta,18,L18F + D80A + D215G + Δ242-244 + R246I + K417N + E484K + N501Y + A701V,1,=,121.0,1.0,=,1.7
Tada21,10.1128/mBio.00696-21,Pseudovirus (HIV),Fig S3A,Wild Type,1m,Human,Wild Type (B.1),=,536.0,1.0,Beta,18,L18F + D80A + D215G + Δ242-244 + R246I + K417N + E484K + N501Y + A701V,1,=,240.0,1.0,=,2.2
Tada21,10.1128/mBio.00696-21,Pseudovirus (HIV),Fig S3A,Wild Type,1m,Human,Wild Type (B.1),=,98.0,1.0,Beta,18,L18F + D80A + D215G + Δ242-244 + R246I + K417N + E484K + N501Y + A701V,1,=,82.0,1.0,=,1.2
Tada21,10.1128/mBio.00696-21,Pseudovirus (HIV),Fig S3A,Wild Type,1m,Human,Wild Type (B.1),=,228.0,1.0,Beta,18,L18F + D80A + D215G + Δ242-244 + R246I + K417N + E484K + N501Y + A701V,1,=,231.0,1.0,=,1.0
Tada21,10.1128/mBio.00696-21,Pseudovirus (HIV),Fig S3A,Wild Type,1m,Human,Wild Type (B.1),=,349.0,1.0,Beta,18,L18F + D80A + D215G + Δ242-244 + R246I + K417N + E484K + N501Y + A701V,1,=,91.0,1.0,=,3.8
Tada21,10.1128/mBio.00696-21,Pseudovirus (HIV),Fig S3A,Wild Type,1m,Human,Wild Type (B.1),=,290.0,1.0,Beta,18,L18F + D80A + D215G + Δ242-244 + R246I + K417N + E484K + N501Y + A701V,1,=,271.0,1.0,=,1.1
Tada21,10.1128/mBio.00696-21,Pseudovirus (HIV),Fig S3A,Wild Type,1m,Human,Wild Type (B.1),=,261.0,1.0,Beta,18,L18F + D80A + D215G + Δ242-244 + R246I + K417N + E484K + N501Y + A701V,1,=,195.0,1.0,=,1.3
Tada21,10.1128/mBio.00696-21,Pseudovirus (HIV),Fig S3A,Wild Type,1m,Human,Wild Type (B.1),=,424.0,1.0,Beta,18,L18F + D80A + D215G + Δ242-244 + R246I + K417N + E484K + N501Y + A701V,1,=,166.0,1.0,=,2.6